12,462,3,154,154,154,,,,,,,,,,,,,,,,,,,,,,,,,,,,,,,,
,,,EC1,EU2A1,EU13,,,,,,,,,,,,,,,,,,,,,,,,,,,,,,,,
Ind,Pop,D13, , ,G11, , ,Pi04, , ,Pi4B, , ,Pi63, , ,Pi70, , ,SSR11, , ,SSR2, , ,Pi02, , ,SSR4, , ,SSR6, , ,SSR8, , 
"PVM021","EC1","0","136","134","156","156","0","166","170","0","217","205","209","279","279","0","192","192","0","331","356","0","173","175","0","268","268","0","284","292","294","242","244","0","264","266","0"
"S163-SUPP_337","EC1","0","132","136","156","156","0","166","170","0","213","217","203","279","279","0","192","192","0","331","356","0","173","175","0","268","268","0","284","292","294","242","244","0","264","266","0"
"S143-1126","EC1","0","136","136","156","156","0","166","170","0","213","217","0","279","279","0","192","192","0","331","356","0","173","175","0","268","268","0","284","292","296","242","244","0","264","266","0"
"PHCA086","EC1","0","136","138","156","156","0","166","170","0","217","205","209","279","279","0","192","192","0","331","356","0","173","175","0","268","268","0","284","292","294","242","244","0","264","266","0"
"PHU017-FTA","EC1","0","136","134","156","156","0","166","170","0","217","205","209","279","0","270","192","192","0","331","356","0","173","175","0","268","268","0","284","292","294","242","244","0","264","266","0"
"PAN029","EC1","0","136","134","156","156","0","166","170","0","217","205","209","279","279","0","192","192","0","331","356","0","173","175","0","268","268","0","284","292","294","242","244","0","264","266","0"
"PPI078","EC1","0","136","136","156","156","0","166","170","0","213","217","205","279","279","0","192","192","0","331","356","0","173","175","0","268","268","0","284","292","294","242","244","0","264","266","0"
"PJU031","EC1","0","136","138","156","156","0","166","170","0","217","205","209","279","279","0","192","192","0","331","356","0","173","175","0","268","0","270","284","292","294","242","244","0","264","266","0"
"S246-915","EC1","0","132","136","156","156","0","166","170","0","213","217","203","279","279","0","192","192","0","331","356","0","173","175","0","268","268","0","284","292","294","242","244","0","264","266","0"
"S15-936","EC1","0","136","136","156","156","0","166","170","0","213","217","0","279","279","0","192","192","0","331","356","0","173","175","0","268","268","0","284","292","294","242","244","0","264","266","0"
"PCZ180","EC1","0","136","134","156","156","0","166","170","0","213","217","205","279","279","0","192","192","0","331","356","0","173","175","0","268","268","0","284","292","296","242","244","0","264","266","0"
"S211-919","EC1","0","132","136","156","156","0","166","170","0","213","217","203","279","279","0","192","192","0","331","356","0","173","175","0","268","268","0","284","292","294","242","244","0","264","266","0"
"PHU089","EC1","0","136","134","156","156","0","166","170","0","217","205","209","279","279","0","192","192","0","331","356","0","173","175","0","268","268","0","284","292","294","242","244","0","264","266","0"
"PCZ029-FTA","EC1","0","136","134","156","156","0","166","170","0","213","217","205","279","0","270","192","192","0","331","356","0","173","175","0","268","268","0","284","292","296","242","244","0","264","266","0"
"PJU014-FTA","EC1","0","136","134","156","156","0","166","170","0","217","205","209","279","279","0","192","192","0","331","356","0","173","175","0","268","268","0","284","292","294","242","244","0","264","266","0"
"PCZ021-FTA","EC1","0","136","134","156","160","0","166","170","0","213","217","205","279","279","0","192","192","0","331","356","0","173","175","0","268","0","266","284","292","296","242","244","0","264","266","0"
"PAN023","EC1","0","136","134","156","156","0","166","170","0","213","217","205","279","279","0","192","192","0","331","356","0","173","175","0","268","268","0","284","292","294","242","244","0","264","266","0"
"PHCA087","EC1","0","136","138","156","156","0","166","170","0","217","205","209","279","279","0","192","192","0","331","356","0","173","175","0","268","268","0","284","292","294","242","244","0","264","266","0"
"PLL014-FTA","EC1","136","144","142","156","156","0","166","170","0","213","205","221","279","0","270","192","192","0","331","356","0","173","175","0","268","268","0","284","294","298","242","244","0","264","266","0"
"PCA031-FTA","EC1","140","0","136","156","156","0","166","170","0","213","0","205","279","279","0","192","192","0","331","356","0","173","175","0","268","268","0","284","0","296","242","244","0","264","266","0"
"S278-916","EC1","0","132","136","156","156","0","166","170","0","213","217","203","279","279","0","192","192","0","331","356","0","173","175","0","268","268","0","284","292","294","242","244","0","264","266","0"
"PCZ015-FTA","EC1","0","136","134","156","156","0","166","170","0","213","217","205","279","0","270","192","192","0","331","356","0","173","175","0","268","268","0","284","292","296","242","244","0","264","266","0"
"PJU029","EC1","0","136","134","156","156","0","166","170","0","217","205","209","0","270","270","192","192","0","331","356","0","173","175","0","268","268","0","284","292","294","242","244","0","264","266","0"
"S172-808","EC1","0","136","138","156","156","0","166","170","0","213","217","203","279","279","0","192","192","0","331","356","0","173","175","0","268","268","0","284","292","298","242","244","0","264","266","0"
"PCA076","EC1","0","136","136","156","156","0","166","170","0","213","217","205","279","279","0","192","192","0","331","356","0","173","175","0","268","268","0","284","292","294","242","244","0","264","266","0"
"PAMA028-FTA","EC1","140","0","136","156","156","0","166","166","0","213","205","221","279","279","0","192","192","0","331","356","0","173","175","0","268","268","0","284","294","296","242","244","0","264","266","0"
"S94-816","EC1","0","136","136","156","156","0","166","170","0","213","217","203","279","279","0","192","192","0","331","356","0","173","175","0","268","268","0","284","292","294","242","244","0","264","266","0"
"S249-1189","EC1","0","132","136","156","156","0","166","170","0","213","217","203","279","279","0","192","192","0","331","356","0","173","175","0","268","268","0","284","292","298","242","244","0","264","266","0"
"PAN036-FTA","EC1","0","136","138","156","156","0","166","170","0","217","205","209","279","279","0","192","192","0","331","356","0","173","175","0","268","268","0","284","292","294","242","244","0","264","266","0"
"S223-937","EC1","0","136","136","156","156","0","166","170","0","213","217","203","279","279","0","192","192","0","331","356","0","173","173","0","268","268","0","284","292","294","242","244","0","264","266","0"
"PHU012-FTA","EC1","0","136","134","156","156","0","166","170","0","217","205","209","279","279","0","192","192","0","331","356","0","173","175","0","268","268","0","284","292","294","242","244","0","264","266","0"
"PPI069","EC1","0","136","136","156","156","0","166","170","0","213","217","205","279","279","0","192","192","0","331","356","0","173","175","0","268","268","0","284","292","294","242","244","0","264","266","0"
"PPA033","EC1","0","136","134","156","156","0","166","170","0","213","217","205","279","0","270","192","192","0","331","356","0","173","175","0","268","268","0","284","292","294","242","244","0","264","266","0"
"PHCA076-FTA","EC1","140","0","136","156","156","0","166","170","0","217","205","209","279","279","0","192","192","0","331","356","0","173","175","0","268","0","270","284","292","294","242","244","0","264","266","0"
"PCZ229","EC1","0","136","134","156","156","0","166","170","0","213","217","205","279","279","0","192","192","0","331","356","0","173","175","0","268","268","0","284","294","296","242","244","0","264","266","0"
"PCO012-FTA","EC1","0","136","134","156","156","0","166","170","0","217","205","209","279","279","0","192","192","0","331","356","0","173","173","0","268","0","266","284","292","294","242","244","0","264","266","0"
"S359-1179","EC1","0","136","144","156","0","176","166","170","0","213","217","205","279","279","0","192","192","0","331","356","0","173","175","0","268","268","0","284","292","0","242","244","0","266","266","0"
"PPI011-FTA","EC1","0","136","136","156","156","0","166","170","0","213","217","205","279","279","0","192","192","0","331","356","0","173","175","0","268","268","0","284","292","294","242","244","0","264","266","0"
"PAN044-FTA","EC1","0","136","134","156","156","0","166","170","0","217","205","209","279","279","0","192","192","0","331","356","0","173","175","0","268","268","0","284","292","294","242","244","0","264","266","0"
"PAN035","EC1","0","136","138","156","156","0","166","170","0","217","205","209","279","279","0","192","192","0","331","356","0","173","175","0","268","268","0","284","292","294","242","244","0","264","266","0"
"PAMA017-FTA","EC1","0","136","148","156","156","0","166","166","0","213","205","221","279","279","0","192","192","0","331","356","0","173","175","0","268","268","0","284","294","296","242","244","0","264","266","0"
"PHU022-FTA","EC1","0","136","134","156","156","0","166","170","0","217","205","209","279","279","0","192","192","0","331","356","0","173","175","0","268","268","0","284","292","302","242","244","0","264","266","0"
"PLL012-FTA","EC1","140","140","0","156","156","0","166","170","0","213","205","221","279","279","0","192","192","0","331","356","0","173","175","0","268","268","0","284","294","296","242","244","0","264","266","0"
"PHCA068-FTA","EC1","0","136","134","156","160","0","166","170","0","217","205","209","279","279","0","192","192","0","331","356","0","173","175","0","268","268","0","284","292","296","242","244","0","264","266","0"
"PAN003-FTA","EC1","140","0","134","156","156","0","166","170","0","217","205","209","279","279","0","192","192","0","331","356","0","173","175","0","268","268","0","284","292","294","242","244","0","264","266","0"
"PHU001","EC1","0","136","134","156","156","0","166","170","0","213","217","205","279","279","0","192","192","0","331","356","0","173","175","0","268","268","0","284","292","294","242","244","0","264","266","0"
"PHCA100","EC1","0","136","138","156","156","0","166","170","0","217","205","209","279","279","0","192","192","0","331","356","0","173","175","0","268","268","0","284","292","294","242","244","0","264","266","0"
"S22-BJDC_28","EC1","140","0","144","156","156","0","166","170","0","213","217","203","279","279","0","192","192","0","331","356","0","173","175","0","268","268","0","284","292","294","242","244","0","264","266","0"
"S60-692","EC1","0","136","134","156","0","158","166","170","0","213","217","203","279","279","0","192","192","0","331","356","0","173","175","0","268","268","0","284","292","308","242","244","0","264","266","0"
"S204-1005","EC1","0","132","136","156","156","0","166","170","0","213","217","203","279","279","0","192","192","0","331","356","0","173","175","0","268","268","0","284","292","294","242","244","0","264","266","0"
"PPI026-FTA","EC1","0","136","134","156","156","0","166","170","0","213","217","205","279","0","270","192","192","0","331","356","0","175","175","0","268","0","266","284","292","298","242","244","0","264","266","0"
"PCA074","EC1","140","0","136","156","156","0","166","170","0","213","205","221","279","279","0","192","192","0","331","356","0","173","175","0","268","268","0","284","294","296","242","244","0","264","266","0"
"S9-730","EC1","0","132","136","156","156","0","166","170","0","213","217","0","279","279","0","192","192","0","331","356","0","173","175","0","268","268","0","284","292","296","242","244","0","264","266","0"
"PAN033","EC1","0","136","138","156","156","0","166","170","0","217","205","209","279","279","0","192","192","0","331","356","0","173","175","0","268","268","0","284","292","294","242","244","0","264","266","0"
"PAN035-FTA","EC1","0","136","136","156","160","0","166","170","0","213","217","205","279","279","0","192","192","0","331","356","0","173","175","0","268","268","0","284","294","296","242","244","0","264","266","0"
"PAMA006-FTA","EC1","140","0","132","156","156","0","166","170","0","213","205","221","279","279","0","192","192","0","331","356","0","173","175","0","268","0","266","284","294","296","242","244","0","264","266","0"
"PHCA055-FTA","EC1","140","0","136","156","156","0","166","170","0","217","205","209","279","279","0","192","192","0","331","356","0","173","175","0","268","0","270","284","292","294","242","244","0","264","266","0"
"PPI083","EC1","0","132","136","156","156","0","166","170","0","213","217","205","279","279","0","192","192","0","331","356","0","173","175","0","268","268","0","284","292","294","242","244","0","264","266","0"
"PHCA111","EC1","0","136","138","156","156","0","166","170","0","217","205","209","279","279","0","192","192","0","331","356","0","173","175","0","268","268","0","284","292","294","242","244","0","264","266","0"
"PCO021-FTA","EC1","0","136","134","160","0","154","166","170","0","217","205","209","279","279","0","192","192","0","331","356","0","173","175","0","268","268","0","284","292","294","242","244","0","264","266","0"
"PAN039","EC1","0","136","134","156","156","0","166","170","0","217","205","209","279","279","0","192","192","0","331","356","0","173","175","0","268","268","0","284","292","294","242","244","0","264","266","0"
"PPI032-FTA","EC1","0","136","136","156","156","0","166","170","0","213","217","205","279","279","0","192","192","0","331","356","0","173","175","0","268","268","0","284","292","294","242","244","0","264","266","0"
"PPI023-FTA","EC1","0","136","136","156","156","0","166","170","0","213","217","205","279","279","0","192","192","0","331","356","0","173","175","0","268","268","0","284","292","294","242","244","0","264","266","0"
"S52-652","EC1","140","0","134","156","156","0","166","170","0","213","217","203","279","279","0","192","192","0","331","356","0","173","175","0","268","268","0","284","292","294","242","244","0","264","266","0"
"PAMA007","EC1","140","140","0","156","156","0","166","170","0","213","217","205","279","279","0","192","192","0","331","356","0","173","175","0","268","268","0","284","292","296","242","244","0","264","266","0"
"PHU030-FTA","EC1","0","136","134","156","156","0","166","170","0","217","205","209","279","0","270","192","192","0","331","356","0","173","175","0","268","268","0","284","292","294","242","244","0","264","266","0"
"PCO039-FTA","EC1","0","136","134","156","156","0","166","170","0","217","205","209","279","279","0","192","192","0","331","356","0","173","175","0","268","0","266","284","292","294","242","244","0","264","266","0"
"S355-1175","EC1","0","136","170","156","156","0","166","170","0","213","217","205","279","279","0","192","192","0","331","356","0","173","175","0","268","268","0","284","292","0","244","244","0","266","266","0"
"S53-654","EC1","140","0","136","156","156","0","166","170","0","213","217","203","279","279","0","192","192","0","331","356","0","173","175","0","268","268","0","284","292","294","242","244","0","264","266","0"
"S269-1106","EC1","0","132","136","156","156","0","166","170","0","213","217","203","279","279","0","192","192","0","331","356","0","173","175","0","268","268","0","284","292","294","242","244","0","264","266","0"
"PPI095","EC1","0","132","136","156","156","0","166","170","0","213","217","205","279","279","0","192","192","0","331","356","0","173","175","0","268","268","0","284","292","294","242","244","0","264","266","0"
"S333-1153","EC1","0","136","144","156","0","170","166","170","0","213","217","205","279","279","0","192","192","0","331","356","0","173","175","0","268","268","0","284","292","0","244","244","0","266","266","0"
"PJU027","EC1","0","136","134","156","156","0","166","170","0","217","205","209","279","279","0","192","192","0","331","356","0","173","175","0","268","268","0","284","292","294","242","244","0","264","266","0"
"PCZ182","EC1","0","134","142","156","156","0","166","170","0","213","217","205","279","279","0","192","192","0","331","356","0","173","175","0","268","268","0","284","292","294","242","244","0","264","266","0"
"PPI068","EC1","0","136","136","156","156","0","166","170","0","213","217","205","279","279","0","192","192","0","331","356","0","173","175","0","268","268","0","284","292","294","242","244","0","264","266","0"
"PLL022-FTA","EC1","140","140","0","156","156","0","166","170","0","213","205","221","279","279","0","192","192","0","331","356","0","173","175","0","268","268","0","284","294","296","242","244","0","264","266","0"
"S294-166","EC1","140","0","144","156","0","170","166","170","0","213","217","205","279","279","0","192","192","0","331","356","0","173","175","0","268","268","0","284","292","0","244","244","0","266","266","0"
"S120-865","EC1","0","136","136","156","156","0","166","170","0","213","217","203","279","279","0","192","192","0","331","356","0","173","175","0","268","0","270","284","292","294","242","244","0","264","266","0"
"S248-1008","EC1","0","136","136","156","156","0","166","170","0","213","217","203","279","279","0","192","192","0","331","356","0","173","175","0","268","268","0","284","292","294","242","244","0","264","266","0"
"S156-1193","EC1","0","132","136","156","156","0","166","170","0","213","217","0","279","279","0","192","192","0","331","356","0","173","175","0","268","268","0","284","292","294","242","244","0","264","266","0"
"S167-673","EC1","0","132","136","156","156","0","166","170","0","213","217","203","279","279","0","192","192","0","331","356","0","173","175","0","268","268","0","284","292","296","242","244","0","264","266","0"
"S329-1149","EC1","0","136","144","156","0","170","166","170","0","213","217","205","279","279","0","192","192","0","331","356","0","173","175","0","268","268","0","284","292","0","244","244","0","266","266","0"
"PJU010-FTA","EC1","0","136","134","156","156","0","166","170","0","217","205","209","279","279","0","192","192","0","331","356","0","173","175","0","268","268","0","284","292","294","242","244","0","264","266","0"
"PHCA122","EC1","0","136","138","156","156","0","166","170","0","217","205","209","279","279","0","192","192","0","331","356","0","173","175","0","268","268","0","284","292","294","242","244","0","264","266","0"
"S98-826","EC1","0","132","136","156","156","0","166","170","0","213","217","203","279","279","0","192","192","0","331","356","0","173","175","0","268","268","0","284","294","0","242","244","0","264","266","0"
"PHCA109","EC1","0","136","138","156","156","0","166","170","0","217","205","209","279","279","0","192","192","0","331","356","0","173","175","0","268","0","270","284","292","294","242","244","0","264","266","0"
"PCZ183","EC1","0","136","134","156","156","0","166","170","0","213","217","205","279","279","0","192","192","0","331","356","0","173","175","0","268","268","0","284","292","296","242","244","0","264","266","0"
"PAMA011","EC1","0","136","136","156","156","0","166","166","0","213","217","205","279","279","0","192","192","0","331","356","0","173","175","0","268","268","0","284","292","294","242","244","0","264","266","0"
"PHCA085","EC1","0","136","138","156","156","0","166","170","0","217","205","209","279","279","0","192","192","0","331","356","0","173","175","0","268","0","270","284","292","294","242","244","0","264","266","0"
"PHCA076","EC1","0","136","138","156","156","0","166","170","0","217","205","209","279","279","0","192","192","0","331","356","0","173","175","0","268","268","0","284","292","294","242","244","0","264","266","0"
"S160-1288","EC1","140","0","136","156","156","0","166","170","0","213","217","0","279","279","0","192","192","0","331","356","0","173","175","0","268","268","0","284","292","0","242","244","0","264","266","0"
"S130-767","EC1","0","136","136","156","156","0","166","170","0","213","217","0","279","279","0","192","192","0","331","356","0","173","175","0","268","268","0","284","292","294","242","244","0","264","266","0"
"PAN020-FTA","EC1","0","136","138","156","156","0","166","170","0","217","205","209","279","279","0","192","192","0","331","356","0","173","175","0","268","268","0","284","292","294","242","244","0","264","266","0"
"S100-828","EC1","0","132","136","156","156","0","166","170","0","213","217","203","279","279","0","192","192","0","331","356","0","173","175","0","268","0","264","284","292","294","242","244","0","264","266","0"
"PHU031-FTA","EC1","0","136","134","156","156","0","166","170","0","217","205","209","279","279","0","192","192","0","331","356","0","173","175","0","268","268","0","284","292","302","242","244","0","264","266","0"
"PHCA095","EC1","0","136","138","156","156","0","166","170","0","217","205","209","279","279","0","192","192","0","331","356","0","173","175","0","268","268","0","284","292","294","242","244","0","264","266","0"
"PPA002","EC1","0","136","134","156","156","0","166","170","0","213","217","205","279","279","0","192","192","0","331","356","0","173","175","0","268","268","0","284","292","294","242","244","0","264","266","0"
"PAN051-FTA","EC1","0","136","134","156","156","0","166","170","0","217","205","209","279","279","0","192","192","0","331","356","0","173","175","0","268","268","0","284","292","294","242","244","0","264","266","0"
"PAMA030-FTA","EC1","140","140","0","156","156","0","166","170","0","213","205","221","279","279","0","192","192","0","331","356","0","173","175","0","268","268","0","284","294","296","242","244","0","264","266","0"
"PAN010-FTA","EC1","140","0","134","156","156","0","166","170","0","217","205","209","279","279","0","192","192","0","331","356","0","173","175","0","268","268","0","284","292","294","242","244","0","264","266","0"
"PAN054-FTA","EC1","0","136","134","156","156","0","166","170","0","217","205","209","279","279","0","192","192","0","331","356","0","173","175","0","268","268","0","284","292","294","242","244","0","264","266","0"
"S2-SUPP_337","EC1","0","132","136","156","0","154","166","170","0","213","217","0","279","279","0","192","192","0","331","356","0","173","175","0","268","268","0","284","292","294","242","244","0","264","266","0"
"PAMA041-FTA","EC1","0","136","136","156","156","0","166","170","0","213","217","205","279","0","270","192","192","0","331","356","0","173","175","0","268","268","0","284","292","296","242","244","0","266","266","0"
"S271-1164","EC1","0","132","136","156","156","0","166","170","0","213","217","203","279","279","0","192","192","0","331","356","0","173","175","0","268","268","0","284","292","294","242","244","0","264","266","0"
"PLL067","EC1","140","140","0","156","156","0","166","170","0","213","205","221","279","279","0","192","192","0","331","356","0","173","175","0","268","0","266","284","294","300","242","244","0","264","266","0"
"PAN013-FTA","EC1","140","0","134","156","156","0","166","170","0","217","205","209","279","279","0","192","192","0","331","356","0","173","175","0","268","268","0","284","292","294","242","244","0","264","266","0"
"PJU001","EC1","0","136","134","156","156","0","166","170","0","213","217","205","279","279","0","192","192","0","331","356","0","173","175","0","268","268","0","284","292","294","242","244","0","264","266","0"
"PJU050-FTA","EC1","0","136","134","156","156","0","166","170","0","217","205","209","279","279","0","192","192","0","331","356","0","173","175","0","268","268","0","284","292","0","242","244","0","264","266","0"
"PCZ118","EC1","0","136","134","156","156","0","166","170","0","213","217","205","279","279","0","192","192","0","331","356","0","173","175","0","268","0","266","284","292","294","242","244","0","264","266","0"
"S86-792","EC1","140","0","144","156","156","0","166","170","0","213","217","203","279","279","0","192","192","0","331","356","0","173","175","0","268","268","0","284","292","294","242","244","0","264","266","0"
"S237-1161","EC1","0","132","136","156","0","154","166","170","0","213","217","203","279","279","0","192","192","0","331","356","0","173","175","0","268","268","0","284","292","294","242","244","0","264","266","0"
"S141-1106","EC1","0","132","136","156","156","0","166","170","0","213","217","0","279","279","0","192","192","0","331","356","0","173","175","0","268","268","0","284","292","294","242","244","0","264","266","0"
"PPI017-FTA","EC1","0","136","136","156","156","0","166","170","0","213","217","205","279","279","0","192","192","0","331","356","0","173","175","0","268","268","0","284","292","294","242","244","0","264","266","0"
"PJU051-FTA","EC1","0","136","134","156","156","0","166","170","0","217","205","209","279","279","0","192","192","0","331","356","0","173","175","0","268","0","266","284","292","0","242","244","0","264","266","0"
"S177-1114","EC1","0","132","136","156","156","0","166","170","0","213","217","203","279","279","0","192","192","0","331","356","0","173","175","0","268","268","0","284","292","294","242","244","0","264","266","0"
"PAMA031-FTA","EC1","0","136","136","156","156","0","166","170","0","213","217","205","279","279","0","192","192","0","331","356","0","173","175","0","268","268","0","284","292","294","242","244","0","264","266","0"
"PPI013-FTA","EC1","0","136","136","156","0","154","166","170","0","213","217","205","279","279","0","192","192","0","331","356","0","173","175","0","268","268","0","284","292","294","242","244","0","264","266","0"
"S112-848","EC1","0","136","136","156","156","0","166","170","0","213","217","203","279","279","0","192","192","0","331","356","0","173","175","0","268","0","270","284","292","294","242","244","0","264","266","0"
"PHCA024","EC1","0","136","136","156","156","0","166","170","0","213","217","205","279","279","0","192","192","0","331","356","0","173","175","0","268","268","0","284","292","294","242","244","0","264","266","0"
"PHCA115","EC1","0","136","134","156","160","0","166","170","0","217","205","209","279","279","0","192","192","0","331","356","0","173","175","0","268","268","0","284","292","296","242","244","0","264","266","0"
"PPI004-FTA","EC1","0","136","136","156","156","0","166","170","0","213","217","205","279","279","0","192","192","0","331","356","0","173","175","0","268","268","0","284","292","294","242","244","0","264","266","0"
"PJU019","EC1","0","136","134","156","156","0","166","170","0","217","205","209","279","279","0","192","192","0","331","356","0","173","175","0","268","268","0","284","292","294","242","244","0","264","266","0"
"S164-SUPP_339","EC1","0","132","136","156","156","0","166","170","0","213","217","203","279","279","0","192","192","0","331","356","0","173","175","0","268","268","0","284","294","0","242","244","0","264","266","0"
"PHU050-FTA","EC1","0","136","134","156","156","0","166","170","0","217","205","209","279","279","0","192","192","0","331","356","0","173","175","0","268","0","266","284","292","294","242","244","0","264","266","0"
"PLL003-FTA","EC1","0","136","136","156","0","154","166","170","0","213","217","205","279","279","0","192","192","0","331","356","0","173","175","0","268","268","0","284","294","0","242","244","0","264","266","0"
"PJU045-FTA","EC1","0","136","134","156","156","0","166","170","0","217","205","209","279","279","0","192","192","0","331","356","0","173","175","0","268","0","266","284","292","0","242","244","0","264","266","0"
"S224-1086","EC1","0","132","136","156","156","0","166","170","0","213","217","203","279","279","0","192","192","0","331","356","0","173","175","0","268","268","0","284","292","294","242","244","0","264","266","0"
"PCZ033-FTA","EC1","0","136","134","156","156","0","166","170","0","213","217","205","279","279","0","192","192","0","331","356","0","173","175","0","268","268","0","284","294","296","242","244","0","264","266","0"
"S268-925","EC1","0","132","136","156","156","0","166","170","0","213","217","203","279","279","0","192","192","0","331","356","0","173","175","0","268","268","0","284","294","0","242","244","0","264","266","0"
"PAN027-FTA","EC1","0","136","138","156","156","0","166","170","0","217","205","209","279","279","0","192","192","0","331","356","0","173","175","0","268","268","0","284","292","294","242","244","0","264","266","0"
"PCO020-FTA","EC1","0","136","134","156","156","0","166","170","0","217","205","209","279","279","0","192","192","0","331","356","0","173","175","0","268","268","0","284","292","294","242","244","0","264","266","0"
"S134-958","EC1","0","132","136","156","156","0","166","170","0","213","217","0","279","279","0","192","192","0","331","356","0","173","175","0","268","268","0","284","294","0","242","244","0","264","266","0"
"S16-969","EC1","0","132","136","156","156","0","166","170","0","213","217","0","279","279","0","192","192","0","331","356","0","173","175","0","268","268","0","284","292","294","242","244","0","264","266","0"
"S226-980","EC1","0","132","136","156","156","0","166","170","0","213","217","203","279","279","0","192","192","0","331","356","0","173","175","0","268","268","0","284","292","294","242","244","0","264","266","0"
"PPI033-FTA","EC1","0","136","136","156","156","0","166","170","0","213","217","205","279","279","0","192","192","0","331","356","0","173","175","0","268","268","0","284","292","294","242","244","0","264","266","0"
"PAN012-FTA","EC1","140","0","134","156","156","0","166","170","0","217","205","209","279","279","0","192","192","0","331","356","0","173","175","0","268","268","0","284","292","294","242","244","0","264","266","0"
"PHCA019-FTA","EC1","0","132","134","156","156","0","166","170","0","217","205","209","279","279","0","192","192","0","331","356","0","173","175","0","268","268","0","284","292","294","242","244","0","264","266","0"
"PAN014-FTA","EC1","0","136","134","156","156","0","166","170","0","217","205","209","279","279","0","192","192","0","331","356","0","173","175","0","268","268","0","284","292","294","242","244","0","264","266","0"
"PCO118","EC1","0","136","134","156","156","0","166","170","0","217","205","209","279","279","0","192","192","0","331","356","0","173","175","0","268","268","0","284","292","296","242","244","0","264","266","0"
"PAN037-FTA","EC1","0","136","134","156","156","0","166","170","0","217","205","209","279","279","0","192","192","0","331","356","0","173","175","0","268","268","0","284","292","294","242","244","0","264","266","0"
"PHU004-FTA","EC1","0","136","134","156","156","0","166","170","0","213","217","205","279","279","0","192","192","0","331","356","0","173","175","0","268","0","266","284","292","300","242","244","0","264","266","0"
"S217-1159","EC1","0","132","136","156","156","0","166","170","0","213","217","203","279","279","0","192","192","0","331","356","0","173","175","0","268","268","0","284","292","294","242","244","0","264","266","0"
"PHCA073-FTA","EC1","140","0","136","156","156","0","166","170","0","217","205","209","279","279","0","192","192","0","331","356","0","173","175","0","268","0","270","284","292","294","242","244","0","264","266","0"
"PCO032-FTA","EC1","0","136","134","156","156","0","166","170","0","217","205","209","279","279","0","192","192","0","331","356","0","173","175","0","268","0","266","284","292","294","242","244","0","264","266","0"
"PAN037","EC1","0","136","134","156","156","0","166","170","0","217","205","209","279","279","0","192","192","0","331","356","0","173","175","0","268","268","0","284","292","294","242","244","0","264","266","0"
"PHU005-FTA","EC1","0","136","134","156","156","0","166","170","0","217","205","209","279","279","0","192","192","0","331","356","0","173","175","0","268","268","0","284","292","0","242","244","0","266","266","0"
"PPI085","EC1","0","136","136","156","156","0","166","170","0","213","217","205","279","279","0","192","192","0","331","356","0","173","175","0","268","268","0","284","292","294","242","244","0","264","266","0"
"PJU003-FTA","EC1","0","136","134","156","156","0","166","170","0","217","205","209","279","279","0","192","192","0","331","356","0","173","175","0","268","268","0","284","292","294","242","244","0","264","266","0"
"PCZ185","EC1","0","136","134","156","156","0","166","170","0","213","217","205","279","279","0","192","192","0","356","356","0","173","175","0","268","268","0","284","292","296","242","244","0","264","266","0"
"S283-77","EC1","140","0","144","156","0","170","166","170","0","213","217","205","279","279","0","192","192","0","331","356","0","173","175","0","268","268","0","284","292","0","244","244","0","266","266","0"
"PVM028","EC1","0","136","134","156","156","0","166","170","0","213","217","205","279","279","0","192","192","0","331","356","0","173","175","0","268","268","0","284","292","294","242","244","0","266","266","0"
"PHCA022","EC1","0","136","134","156","156","0","166","170","0","213","217","205","279","279","0","192","192","0","331","356","0","173","175","0","268","268","0","284","292","294","242","244","0","264","266","0"
"PCO025-FTA","EC1","0","136","134","156","156","0","166","170","0","217","205","209","279","279","0","192","192","0","331","356","0","173","175","0","268","268","0","284","292","294","242","244","0","264","266","0"
"S262-857","EC1","140","0","136","156","156","0","166","170","0","213","217","203","279","279","0","192","192","0","331","356","0","173","175","0","268","0","270","284","292","0","242","244","0","264","266","0"
"AR19032","EU2A1","132","136","134","156","154","202","166","170","0","217","217","0","279","273","270","192","0","195","0","341","355","173","173","0","268","0","258","292","290","288","242","244","0","264","266","260"
"CL19017","EU2A1","0","136","136","156","154","206","166","170","0","217","217","0","279","273","270","192","0","195","0","341","355","173","173","0","268","0","258","292","290","288","242","244","0","264","266","260"
"AR19047","EU2A1","0","138","138","154","152","202","166","170","0","217","217","0","279","273","270","192","0","195","0","341","355","173","173","0","268","266","258","292","290","288","242","244","0","264","266","260"
"PA19027","EU2A1","0","138","138","154","152","162","166","170","0","213","217","221","279","273","270","192","0","195","0","341","355","173","175","0","268","0","258","298","290","288","242","244","0","264","266","260"
"CL19056","EU2A1","0","136","136","156","154","208","166","170","0","217","217","0","279","273","270","192","0","195","0","341","355","173","173","0","268","0","258","292","290","288","242","244","0","264","266","260"
"PA16002","EU2A1","0","136","136","160","154","152","166","170","0","213","217","221","279","273","270","192","0","195","0","341","355","173","175","0","268","272","258","296","290","288","242","244","0","264","266","260"
"AR19071","EU2A1","0","138","138","156","154","202","166","170","0","217","217","0","279","273","270","192","0","195","0","341","355","173","173","0","268","0","258","292","290","288","242","244","0","264","266","260"
"AR19046","EU2A1","140","138","142","154","152","206","166","170","0","217","217","0","279","273","270","192","0","195","0","341","355","173","173","0","268","266","258","292","290","288","242","244","0","264","266","260"
"PA16003","EU2A1","0","136","136","160","154","152","166","170","0","213","217","221","279","273","270","192","0","195","0","341","355","173","175","0","268","272","258","296","290","288","242","244","0","264","266","260"
"PA19026","EU2A1","140","140","0","154","152","162","166","170","0","213","217","221","279","273","270","192","0","195","0","341","355","173","175","0","268","0","258","292","290","288","242","244","0","264","266","260"
"PA16004","EU2A1","0","136","136","160","154","152","166","170","0","213","217","221","279","273","270","192","0","195","0","341","355","173","175","0","268","272","258","296","290","288","242","244","0","264","266","260"
"AR19088","EU2A1","0","138","138","156","154","202","166","170","0","217","217","0","279","273","270","192","0","195","0","341","355","173","173","0","268","0","258","292","290","288","242","244","0","264","266","260"
"CL19010","EU2A1","0","136","136","156","154","206","166","170","0","217","217","0","279","273","270","192","0","195","0","341","355","173","173","0","268","0","258","292","290","288","242","244","0","264","266","260"
"AR19066","EU2A1","0","138","138","156","154","202","166","170","0","217","217","0","279","273","270","192","0","195","0","341","355","173","173","0","268","0","258","292","290","288","242","244","0","264","266","260"
"CL19009","EU2A1","0","136","136","0","154","206","166","170","0","217","217","0","279","273","270","192","0","195","0","341","355","173","173","0","268","0","258","292","290","288","242","244","0","264","266","260"
"AR19069","EU2A1","0","138","138","156","154","202","166","170","0","217","217","0","279","273","270","192","0","195","0","341","355","173","173","0","268","0","258","292","290","288","242","244","0","264","266","260"
"AR19096","EU2A1","0","138","138","156","154","202","166","170","0","217","217","0","279","273","270","192","0","195","0","341","355","173","173","0","268","0","258","294","290","288","242","244","0","264","266","260"
"AR19089","EU2A1","0","138","138","156","154","202","166","170","0","217","217","0","279","273","270","192","0","195","0","341","355","173","173","0","268","0","258","292","290","288","242","244","0","264","266","260"
"AR19068","EU2A1","0","138","138","156","154","202","166","170","0","217","217","0","279","273","270","192","0","195","0","341","355","173","173","0","268","0","258","292","290","288","242","244","0","264","266","260"
"CL19007","EU2A1","0","136","136","156","154","206","166","170","0","217","217","0","279","273","270","192","0","195","0","341","355","173","173","0","268","0","258","292","290","288","242","244","0","264","266","260"
"CL19036","EU2A1","0","136","136","156","154","206","166","170","0","217","217","0","279","273","270","192","0","195","0","341","355","173","173","0","268","0","258","292","290","288","242","244","0","264","266","260"
"CL19027","EU2A1","0","136","136","156","154","206","166","170","0","217","217","0","279","273","270","192","0","195","0","341","355","173","173","0","268","0","258","292","290","288","242","244","0","264","266","260"
"AR19016","EU2A1","0","138","138","156","154","202","166","170","0","217","217","0","279","273","270","192","0","195","0","341","355","173","173","0","268","0","258","292","290","288","242","244","0","264","266","260"
"AR19041","EU2A1","0","136","138","156","154","202","166","170","0","217","217","0","279","273","270","192","0","195","0","341","355","173","173","0","268","266","258","292","290","288","242","244","0","264","266","260"
"CL19053","EU2A1","0","136","136","156","154","206","170","0","168","217","217","0","279","273","270","192","0","195","0","341","355","173","173","0","268","0","258","292","290","288","242","244","0","264","266","260"
"AR19082","EU2A1","0","138","138","156","158","202","166","170","0","217","217","0","279","273","270","192","0","195","0","341","355","173","173","0","268","0","258","292","290","288","242","244","0","264","266","260"
"PA19006","EU2A1","0","138","138","154","152","162","166","170","0","213","217","221","279","273","270","192","0","195","356","0","355","173","175","0","268","0","258","296","290","288","242","244","0","266","0","260"
"CL19006","EU2A1","0","136","136","156","154","206","166","170","0","217","217","0","279","273","270","192","0","195","0","341","355","173","173","0","268","0","258","292","290","288","242","244","0","264","266","260"
"PA19012","EU2A1","0","136","136","154","152","162","166","170","0","213","217","0","279","273","270","192","0","195","0","341","355","173","175","0","268","0","258","292","290","288","242","244","0","264","266","260"
"CL19021","EU2A1","0","136","136","156","154","206","166","170","0","217","217","0","279","273","270","192","0","195","0","341","355","173","173","0","268","0","258","292","290","288","242","244","0","264","266","260"
"CL19019","EU2A1","0","136","136","156","154","206","166","170","0","217","217","0","279","273","270","192","0","195","0","341","355","173","173","0","268","0","258","292","290","288","242","244","0","264","266","260"
"PA16001","EU2A1","0","136","136","160","154","152","166","170","0","213","217","221","279","273","270","192","0","195","0","341","355","173","175","0","268","272","258","296","290","288","242","244","0","264","266","260"
"AR19056","EU2A1","0","142","142","0","154","206","166","170","0","217","217","0","279","273","270","192","0","195","0","341","355","173","173","0","268","0","258","292","290","288","242","244","0","264","266","260"
"AR19054","EU2A1","0","138","138","156","154","202","166","170","0","217","217","0","279","273","270","192","0","195","0","341","355","173","173","0","268","0","258","292","290","288","242","244","0","264","266","260"
"AR19036","EU2A1","0","138","138","156","154","202","166","170","0","217","217","0","279","273","270","192","0","195","0","341","355","173","173","0","268","0","258","292","290","288","242","244","0","264","266","260"
"PA19028","EU2A1","0","136","136","160","154","152","166","170","0","213","217","221","279","273","270","192","0","195","0","341","355","173","175","0","268","0","258","290","300","288","242","244","0","264","266","260"
"AR19062","EU2A1","0","138","138","156","154","202","166","170","0","217","217","0","279","273","270","192","0","195","0","341","355","173","173","0","268","0","258","292","290","288","242","244","0","264","266","260"
"PA19018","EU2A1","140","140","0","154","152","162","166","170","0","213","217","221","279","273","270","192","0","195","0","341","355","173","175","0","268","0","258","292","290","288","242","244","0","264","266","260"
"CL19033","EU2A1","0","136","136","156","154","206","166","170","0","217","217","0","279","273","270","192","0","195","0","341","355","173","173","0","268","0","258","292","290","288","242","244","0","264","266","260"
"CL19031","EU2A1","0","136","136","156","154","206","166","170","0","217","217","0","279","273","270","192","0","195","0","341","355","173","173","0","268","0","258","292","290","288","242","244","0","264","266","260"
"CL19002","EU2A1","0","136","136","156","154","206","166","170","0","217","217","0","279","273","270","192","0","195","0","341","355","173","173","0","268","0","258","292","290","288","242","244","0","264","266","260"
"AR19006","EU2A1","0","138","138","156","154","202","166","170","0","217","217","0","279","273","270","192","0","195","0","341","355","173","173","0","268","0","258","292","290","288","242","244","0","264","266","260"
"AR19075","EU2A1","0","138","138","156","154","202","166","170","0","217","217","0","279","273","270","192","0","195","0","341","355","173","173","0","268","0","258","292","290","288","242","244","0","264","266","260"
"AR19070","EU2A1","0","138","138","156","154","202","166","170","0","217","217","0","279","273","270","192","0","195","0","341","355","173","173","0","268","0","258","292","290","288","242","244","0","264","266","260"
"AR19097","EU2A1","0","138","138","156","154","202","166","170","0","217","217","0","279","273","270","192","0","195","0","341","355","173","173","0","268","0","258","294","290","288","242","244","0","264","266","260"
"AR19002","EU2A1","0","138","138","156","154","202","166","170","0","217","217","0","279","273","270","192","0","195","0","341","355","173","173","0","268","0","258","292","290","288","242","244","0","264","266","260"
"AR19008","EU2A1","0","138","138","156","154","202","166","170","0","217","217","0","279","273","270","192","0","195","0","341","355","173","173","0","268","0","258","292","290","288","242","244","0","264","266","260"
"AR19004","EU2A1","0","138","138","156","154","202","166","170","0","217","217","0","279","273","270","192","0","195","0","341","355","173","173","0","268","0","258","292","290","288","242","244","0","264","266","260"
"CL19041","EU2A1","0","136","136","156","154","206","166","170","0","217","217","0","279","273","270","192","0","195","0","341","355","173","173","0","268","0","258","292","290","288","242","244","0","264","266","260"
"AR19048","EU2A1","0","138","138","156","154","202","166","170","0","217","217","0","279","273","270","192","0","195","0","341","355","173","173","0","268","266","258","292","290","288","242","244","0","264","266","260"
"AR19034","EU2A1","0","138","138","156","154","202","166","170","0","217","217","0","279","273","270","192","0","195","0","341","355","173","173","0","268","0","258","292","290","288","242","244","0","264","266","260"
"AR19093","EU2A1","0","138","138","156","154","202","166","170","0","217","217","0","279","273","270","192","0","195","0","341","355","173","173","0","268","0","258","294","290","288","242","244","0","264","266","260"
"AR19012","EU2A1","0","138","138","156","154","202","166","170","0","217","217","0","279","273","270","192","0","195","0","341","355","173","173","0","268","0","258","292","290","288","242","244","0","264","266","260"
"CL19047","EU2A1","0","136","136","156","154","206","166","170","0","217","217","0","279","273","270","192","0","195","0","341","355","173","173","0","268","0","258","292","290","288","242","244","0","264","266","260"
"CL19016","EU2A1","0","136","136","156","154","206","166","170","0","217","217","0","279","273","270","192","0","195","0","341","355","173","173","0","268","0","258","292","290","288","242","244","0","264","266","260"
"PA19025","EU2A1","0","138","138","154","152","162","166","170","0","213","217","221","279","273","270","192","0","195","0","341","355","173","175","0","268","0","258","296","290","288","242","244","0","264","266","260"
"CL19020","EU2A1","0","136","136","156","154","206","166","170","0","217","217","0","279","273","270","192","0","195","0","341","355","173","173","0","268","0","258","292","290","288","242","244","0","264","266","260"
"CL19013","EU2A1","0","136","136","156","154","206","166","170","0","217","217","0","279","273","270","192","0","195","0","341","355","173","173","0","268","0","258","292","290","288","242","244","0","264","266","260"
"CL19049","EU2A1","0","136","136","156","154","206","166","170","0","217","217","0","279","273","270","192","0","195","0","341","355","173","173","0","268","0","258","292","290","288","242","244","0","264","266","260"
"AR19059","EU2A1","0","138","142","0","154","206","166","170","0","217","217","0","279","273","270","192","0","195","0","341","355","173","173","0","268","0","258","292","290","288","242","244","0","264","266","260"
"CL19014","EU2A1","0","136","136","156","154","206","166","170","0","217","217","0","279","273","270","192","0","195","0","341","355","173","173","0","268","0","258","292","290","288","242","244","0","264","266","260"
"CL19039","EU2A1","0","136","136","156","154","206","166","170","0","217","217","0","279","273","270","192","0","195","0","341","355","173","173","0","268","0","258","292","290","288","242","244","0","264","266","260"
"AR19009","EU2A1","0","138","138","156","154","202","166","170","0","217","217","0","279","273","270","192","0","195","0","341","355","173","173","0","268","0","258","292","290","288","242","244","0","264","266","260"
"AR19079","EU2A1","0","138","138","156","154","202","166","170","0","217","217","0","279","273","270","192","0","195","0","341","355","173","173","0","268","0","258","292","290","288","242","244","0","264","266","260"
"AR19061","EU2A1","0","142","142","0","154","206","166","170","0","217","217","0","279","273","270","192","0","195","0","341","355","173","173","0","268","0","258","292","290","288","242","244","0","264","266","260"
"CL19011","EU2A1","0","136","136","156","154","206","166","170","0","217","217","0","279","273","270","192","0","195","0","341","355","173","173","0","268","0","258","292","290","288","242","244","0","264","266","260"
"CL19018","EU2A1","0","136","136","156","154","206","166","170","0","217","217","0","279","273","270","192","0","195","0","341","355","173","173","0","268","0","258","292","290","288","242","244","0","264","266","260"
"AR19057","EU2A1","0","142","142","0","154","206","166","170","0","217","217","0","279","273","270","192","0","195","0","341","355","173","173","0","268","0","258","292","290","288","242","244","0","264","266","260"
"CL19042","EU2A1","0","136","136","156","154","206","166","170","0","217","217","0","279","273","270","192","0","195","0","341","355","173","173","0","268","0","258","292","290","288","242","244","0","264","266","260"
"AR19038","EU2A1","0","138","138","156","154","202","166","170","0","217","217","0","279","273","270","192","0","195","0","341","355","173","173","0","268","0","258","292","290","288","242","244","0","264","266","260"
"AR19025","EU2A1","0","138","138","156","154","202","166","170","0","217","217","0","279","273","270","192","0","195","0","341","355","173","173","0","268","0","258","292","290","288","242","244","0","264","266","260"
"AR19085","EU2A1","0","138","138","156","154","202","166","170","0","217","217","0","279","273","270","192","0","195","0","341","355","173","173","0","268","0","258","292","290","288","242","244","0","264","266","260"
"AR19080","EU2A1","0","138","138","156","152","202","166","170","0","217","217","0","279","273","270","192","0","195","0","341","355","173","173","0","268","0","258","292","290","288","242","244","0","264","266","0"
"CL19034","EU2A1","0","136","136","156","154","208","0","168","160","217","217","0","279","273","270","192","0","195","0","341","355","173","173","0","268","0","258","292","0","288","242","244","0","264","266","260"
"CL19005","EU2A1","0","136","136","156","154","206","166","170","0","217","217","0","279","273","270","192","0","195","0","341","355","173","173","0","268","0","258","292","290","288","242","244","0","264","266","260"
"CL19043","EU2A1","0","136","136","156","154","206","166","170","0","217","217","0","279","273","270","192","0","195","0","341","355","173","173","0","268","0","258","292","290","288","242","244","0","264","266","260"
"AR19077","EU2A1","0","138","138","156","154","202","166","170","0","217","217","0","279","273","270","192","0","195","0","341","355","173","173","0","268","0","258","292","290","288","242","244","0","264","266","260"
"AR19090","EU2A1","0","138","138","156","154","202","166","170","0","217","217","0","279","273","270","192","0","195","0","341","355","173","173","0","268","0","258","292","290","288","242","244","0","264","266","260"
"CL19032","EU2A1","0","136","136","156","154","206","166","170","0","217","217","0","279","273","270","192","0","195","0","341","355","173","173","0","268","0","258","292","290","288","242","244","0","264","266","260"
"AR19094","EU2A1","0","138","138","156","154","202","166","170","0","217","217","0","279","273","270","192","0","195","0","341","355","173","173","0","268","0","258","294","290","288","242","244","0","264","266","260"
"AR19099","EU2A1","0","138","138","156","154","202","166","170","0","217","217","0","279","273","270","192","0","195","0","341","355","173","173","0","268","0","258","294","290","288","242","244","0","264","266","260"
"PA19020","EU2A1","140","140","0","0","152","162","166","170","0","213","217","221","279","273","270","192","0","195","0","341","355","173","175","0","268","0","258","292","290","288","242","244","0","264","266","260"
"AR19028","EU2A1","0","138","138","156","154","202","166","170","0","217","217","0","279","273","270","192","0","195","0","341","355","173","173","0","268","0","258","292","290","288","242","244","0","264","266","260"
"CL19029","EU2A1","0","136","136","156","154","206","166","170","0","217","217","0","279","273","270","192","0","195","0","341","355","173","173","0","268","0","258","292","290","288","242","244","0","264","266","260"
"PA19029","EU2A1","0","136","136","154","152","162","166","170","0","213","217","221","279","273","270","192","0","195","0","341","355","173","175","0","268","0","258","292","290","288","242","244","0","264","266","260"
"CL19048","EU2A1","0","136","136","156","154","206","166","170","0","217","217","0","279","273","270","192","0","195","0","341","355","173","173","0","268","0","258","292","290","288","242","244","0","264","266","260"
"CL19040","EU2A1","0","136","136","156","154","206","166","170","0","217","217","0","279","273","270","192","0","195","0","341","355","173","173","0","268","0","258","292","290","288","242","244","0","264","266","260"
"CL19028","EU2A1","0","136","136","156","154","206","166","170","0","217","217","0","279","273","270","192","0","195","0","341","355","173","173","0","268","0","258","292","290","288","242","244","0","264","266","260"
"AR19003","EU2A1","0","138","138","156","154","202","166","170","0","217","217","0","279","273","270","192","0","195","0","341","355","173","173","0","268","0","258","292","290","288","242","244","0","264","266","260"
"AR19072","EU2A1","0","138","138","156","154","202","166","170","0","217","217","0","279","273","270","192","0","195","0","341","355","173","173","0","268","0","258","292","290","288","242","244","0","264","266","260"
"CL19008","EU2A1","0","136","136","156","154","206","166","170","0","217","217","0","279","273","270","192","0","195","0","341","355","173","173","0","268","272","258","292","290","288","242","244","0","264","266","260"
"AR19015","EU2A1","0","138","138","156","154","202","166","170","0","217","217","0","279","273","270","192","0","195","0","341","355","173","173","0","268","0","258","292","290","288","242","244","0","264","266","260"
"PA19044","EU2A1","0","138","138","154","152","162","166","170","0","213","217","221","279","273","270","192","0","195","0","341","355","173","175","0","268","0","258","292","290","288","242","244","0","264","266","260"
"AR19084","EU2A1","0","142","142","0","154","206","166","170","0","217","217","0","279","273","270","192","0","195","0","341","355","173","173","0","268","0","258","290","300","288","242","244","0","264","266","260"
"CL19004","EU2A1","0","136","136","156","154","206","166","170","0","217","217","0","279","273","270","192","0","195","0","341","355","173","173","0","268","0","258","292","290","288","242","244","0","264","266","260"
"AR19052","EU2A1","0","136","138","156","154","202","166","170","0","217","217","0","279","273","270","192","0","195","0","341","355","173","173","0","268","266","258","292","290","288","242","244","0","264","266","260"
"AR19087","EU2A1","0","138","138","156","154","202","166","170","0","217","217","0","279","273","270","192","0","195","0","341","355","173","173","0","268","0","258","292","290","288","242","244","0","264","266","260"
"AR19063","EU2A1","0","138","138","156","154","202","166","170","0","217","217","0","279","273","270","192","0","195","0","341","355","173","173","0","268","0","258","292","290","288","242","244","0","264","266","260"
"AR19026","EU2A1","0","138","138","156","154","202","166","170","0","217","217","0","279","273","270","192","0","195","0","341","355","173","173","0","268","0","258","292","290","288","242","244","0","264","266","260"
"CL19052","EU2A1","0","136","136","156","154","206","166","170","0","217","217","0","279","273","270","192","0","195","0","341","355","173","173","0","268","0","258","292","290","288","242","244","0","264","266","260"
"AR19091","EU2A1","0","138","138","156","154","202","166","170","0","217","217","0","279","273","270","192","0","195","0","341","355","173","173","0","268","0","258","292","290","288","242","244","0","264","266","260"
"AR19031","EU2A1","0","138","138","156","154","202","166","170","0","217","217","0","279","273","270","192","0","195","0","341","355","173","173","0","268","0","258","292","290","288","242","244","0","264","266","260"
"CL19044","EU2A1","0","136","136","156","154","206","166","170","0","217","217","0","279","273","270","192","0","195","0","341","355","173","173","0","268","0","258","292","290","288","242","244","0","264","266","260"
"AR19064","EU2A1","0","138","138","156","154","202","166","170","0","217","217","0","279","273","270","192","0","195","0","341","355","173","173","0","268","0","258","292","290","288","242","244","0","264","266","260"
"AR19001","EU2A1","0","138","138","156","154","202","166","170","0","217","217","0","279","273","270","192","0","195","0","341","355","173","173","0","268","0","258","292","290","288","242","244","0","264","266","260"
"AR19078","EU2A1","0","138","138","156","154","202","166","170","0","217","217","0","279","273","270","192","0","195","0","341","355","173","173","0","268","0","258","292","290","288","242","244","0","264","266","260"
"PA19048","EU2A1","0","138","138","154","152","162","166","170","0","213","217","221","279","273","270","192","0","195","0","341","355","173","175","0","268","0","258","296","290","288","242","244","0","264","266","260"
"AR19039","EU2A1","0","136","138","156","154","202","166","170","0","217","217","0","279","273","270","192","0","195","0","341","355","173","175","0","268","266","258","292","290","288","242","244","0","264","266","260"
"CL19015","EU2A1","0","136","136","156","154","206","166","170","0","217","217","0","279","273","270","192","0","195","0","341","355","173","173","0","268","0","258","292","290","288","242","244","0","264","266","260"
"AR19060","EU2A1","0","142","142","0","154","206","166","170","0","217","217","0","279","273","270","192","0","195","0","341","355","173","173","0","268","0","258","292","290","288","242","244","0","264","266","260"
"AR19092","EU2A1","0","138","138","156","154","202","166","170","0","217","217","0","279","273","270","192","0","195","0","341","355","173","173","0","268","0","258","294","290","288","242","244","0","264","266","260"
"CL19038","EU2A1","0","136","136","156","154","206","166","170","0","217","217","0","279","273","270","192","0","195","0","341","355","173","173","0","268","272","258","292","290","288","242","244","0","264","266","260"
"PA19011","EU2A1","140","140","0","154","152","162","166","170","0","213","217","221","279","273","270","192","0","195","0","341","355","173","175","0","268","0","258","292","290","288","242","244","0","264","266","260"
"AR19045","EU2A1","140","0","138","156","154","202","166","170","0","217","217","0","279","273","270","192","0","195","0","341","355","173","173","0","268","266","258","292","290","288","242","244","0","264","266","260"
"AR19067","EU2A1","0","138","138","156","154","202","166","170","0","217","217","0","279","273","270","192","0","195","0","341","355","173","173","0","268","0","258","292","290","288","242","244","0","264","266","260"
"PA19030","EU2A1","0","136","136","160","154","152","166","170","0","213","217","221","279","273","270","192","0","195","0","341","355","173","175","0","268","0","258","290","300","288","242","244","0","264","266","260"
"CL19046","EU2A1","0","136","136","156","154","206","166","170","0","217","217","0","279","273","270","192","0","195","0","341","355","173","173","0","268","0","258","292","290","288","242","244","0","264","266","260"
"AR19083","EU2A1","0","142","142","0","154","206","166","170","0","217","217","0","279","273","270","192","0","195","0","341","355","173","173","0","268","0","258","292","0","290","242","244","0","264","266","260"
"CL19022","EU2A1","0","136","136","156","154","206","166","170","0","217","217","0","279","273","270","192","0","195","0","341","355","173","173","0","268","0","258","292","290","288","242","244","0","264","266","260"
"AR19073","EU2A1","0","138","138","156","154","202","166","170","0","217","217","0","279","273","270","192","0","195","0","341","355","173","173","0","268","0","258","292","290","288","242","244","0","264","266","260"
"CL19037","EU2A1","0","136","136","156","154","206","166","170","0","217","217","0","279","273","270","192","0","195","0","341","355","173","173","0","268","0","258","292","290","288","242","244","0","264","266","260"
"AR19076","EU2A1","0","138","138","156","154","202","166","170","0","217","217","0","279","273","270","192","0","195","0","341","355","173","173","0","268","0","258","292","290","288","242","244","0","264","266","260"
"PA19042","EU2A1","0","138","138","154","152","162","166","170","0","213","217","221","279","273","270","192","0","195","0","341","355","173","175","0","268","0","258","292","290","288","242","244","0","264","266","260"
"AR19065","EU2A1","0","138","138","156","154","202","166","170","0","217","217","0","279","273","270","192","0","195","0","341","355","173","173","0","268","0","258","292","290","288","242","244","0","264","266","260"
"AR19022","EU2A1","0","138","138","156","154","202","166","170","0","217","217","0","279","273","270","192","0","195","0","341","355","173","173","0","268","266","258","292","290","288","242","244","0","264","266","260"
"CL19025","EU2A1","0","136","136","156","154","206","166","170","168","217","217","0","279","273","270","192","0","195","0","341","355","173","173","0","268","0","258","292","290","288","242","244","0","264","266","260"
"AR19074","EU2A1","0","138","138","156","154","202","166","170","0","217","217","0","279","273","270","192","0","195","0","341","355","173","173","0","268","0","258","292","290","288","242","244","0","264","266","260"
"AR19023","EU2A1","0","138","138","156","154","202","166","170","0","217","217","0","279","273","270","192","0","195","0","341","355","173","173","0","268","0","258","292","290","288","242","244","0","264","266","260"
"CL19035","EU2A1","0","136","136","156","154","208","0","168","160","217","217","0","279","273","270","192","0","195","0","341","355","173","173","0","268","0","258","292","290","288","242","244","0","264","266","260"
"AR19081","EU2A1","0","138","138","156","158","202","166","170","0","217","217","0","279","273","270","192","0","195","0","341","355","173","173","0","268","0","258","292","290","288","242","244","0","264","266","0"
"AR19035","EU2A1","0","138","138","156","154","202","166","170","0","217","217","0","279","273","270","192","0","195","0","341","355","173","173","0","268","0","258","292","290","288","242","244","0","264","266","260"
"PA19047","EU2A1","0","138","138","154","152","162","166","170","0","213","217","221","279","273","270","192","0","195","0","341","355","173","175","0","268","0","258","292","300","288","242","244","0","264","266","260"
"CL19024","EU2A1","0","136","136","156","154","206","166","170","0","217","217","0","279","273","270","192","0","195","0","341","355","173","173","0","268","0","258","292","290","288","242","244","0","264","266","260"
"CL19001","EU2A1","0","136","136","156","154","206","166","170","0","217","217","0","279","273","270","192","0","195","0","341","355","173","173","0","268","0","258","292","290","288","242","244","0","264","266","260"
"AR19033","EU2A1","0","138","138","156","154","202","166","170","0","217","217","0","279","273","270","192","0","195","0","341","355","173","173","0","268","0","258","292","290","288","242","244","0","264","266","260"
"CL19030","EU2A1","0","136","136","156","154","206","166","170","0","217","217","0","279","273","270","192","0","195","0","341","355","173","173","0","268","0","258","292","290","288","242","244","0","264","266","260"
"CL19023","EU2A1","0","136","136","156","154","206","166","170","0","217","217","0","279","273","270","192","0","195","0","341","355","173","173","0","268","0","258","292","290","288","242","244","0","264","266","260"
"AR19011","EU2A1","0","138","138","156","154","202","166","170","0","217","217","0","279","273","270","192","0","195","0","341","355","173","173","0","268","0","258","292","290","288","242","244","0","264","266","260"
"AR19042","EU2A1","0","136","138","156","154","202","166","170","0","217","217","0","279","273","270","192","0","195","0","341","355","173","173","0","268","266","258","292","290","288","242","244","0","264","266","260"
"AR19013","EU2A1","0","138","138","156","154","202","166","170","0","217","217","0","279","273","270","192","0","195","0","341","355","173","173","0","268","0","258","292","290","288","242","244","0","264","266","260"
"CL19050","EU2A1","0","136","136","156","154","206","166","170","0","217","217","0","279","273","270","192","0","195","0","341","355","173","173","0","268","0","258","292","290","288","242","244","0","264","266","260"
"AR22002","EU2A1","0","138","138","156","154","202","166","170","0","217","217","0","279","273","270","192","0","195","0","341","355","173","173","0","268","0","258","292","290","288","242","244","0","264","266","260"
"PA19013","EU2A1","0","138","138","154","152","162","166","170","0","213","217","221","279","273","270","192","0","195","0","341","355","173","175","0","268","0","258","296","290","288","242","244","0","264","266","260"
"CL19003","EU2A1","0","136","136","156","154","208","166","170","0","217","217","0","279","273","270","192","0","195","0","341","355","173","173","0","268","0","258","292","290","288","242","244","0","264","266","260"
"CL19051","EU2A1","0","136","136","156","154","206","166","170","0","217","217","0","279","273","270","192","0","195","0","341","355","173","173","0","268","0","258","292","290","288","242","244","0","264","266","260"
"AR19053","EU2A1","0","142","142","156","154","206","166","170","0","217","217","0","279","273","270","192","0","195","0","341","355","173","173","0","268","0","258","292","290","288","242","244","0","264","266","260"
"PA19049","EU2A1","0","138","138","154","152","162","166","170","0","213","217","221","279","273","270","192","0","195","0","341","355","173","175","0","268","0","258","292","296","288","242","244","0","264","266","260"
"AR19095","EU2A1","0","138","138","156","154","202","166","170","0","217","217","0","279","273","270","192","0","195","0","341","355","173","173","0","268","0","258","294","290","288","242","244","0","264","266","260"
"AR19010","EU2A1","0","138","138","156","154","202","166","170","0","217","217","0","279","273","270","192","0","195","0","341","355","173","173","0","268","0","258","292","290","288","242","244","0","264","266","260"
"CL19012","EU2A1","0","136","136","156","154","206","166","170","0","217","217","0","279","273","270","192","0","195","0","341","355","173","173","0","268","0","258","292","290","288","242","244","0","264","266","260"
"AR19020","EU2A1","0","138","138","156","154","202","166","170","0","217","217","0","279","273","270","192","0","195","0","341","355","173","173","0","268","0","258","292","290","288","242","244","0","264","266","260"
"AR19040","EU2A1","0","136","138","156","154","202","166","170","0","217","217","0","279","273","270","192","0","195","0","341","355","173","173","0","268","266","258","292","290","288","242","244","0","264","266","260"
"CL19045","EU2A1","0","136","136","156","154","206","166","170","0","217","217","0","279","273","270","192","0","195","0","341","355","173","173","0","268","0","258","292","290","288","242","244","0","264","266","260"
"CL19055","EU2A1","0","136","136","156","154","206","166","170","0","217","217","0","279","273","270","192","0","195","0","341","355","173","173","0","268","0","258","292","290","288","242","244","0","264","266","260"
"EU_13_001","EU13","0","136","154","160","0","154","166","170","0","213","0","205","279","0","273","192","192","0","0","341","341","173","173","0","268","0","266","284","294","0","244","0","240","266","0","260"
"EU_13_002","EU13","140","136","154","160","0","154","166","170","0","213","0","205","279","0","273","192","192","0","0","341","341","173","173","0","268","0","266","284","294","0","244","0","240","266","0","260"
"EU_13_003","EU13","0","136","158","160","0","154","166","170","0","213","0","205","279","0","273","192","192","0","0","341","341","173","173","0","268","0","266","284","294","0","244","0","240","266","0","260"
"EU_13_004","EU13","0","136","152","160","0","154","166","170","0","213","0","205","279","0","273","192","192","0","0","341","341","173","173","0","268","0","266","284","294","0","244","0","240","266","0","260"
"EU_13_005","EU13","0","136","154","160","154","164","166","170","0","213","0","205","279","0","273","192","192","0","0","341","341","173","173","0","268","0","266","284","294","0","244","0","240","266","0","260"
"EU_13_006","EU13","140","134","154","160","0","154","166","170","0","213","0","205","279","0","273","192","192","0","0","341","341","173","173","0","268","0","266","284","294","0","244","0","240","266","0","260"
"EU_13_007","EU13","0","136","154","160","0","154","166","170","0","213","0","205","279","0","273","192","0","190","0","341","341","173","173","0","268","0","266","284","294","0","244","0","240","266","0","260"
"EU_13_008","EU13","0","134","154","160","0","154","166","170","0","213","0","205","279","0","273","192","192","0","0","341","341","173","173","0","268","0","266","284","294","0","244","0","240","266","0","260"
"EU_13_009","EU13","136","134","154","160","0","154","166","170","0","213","0","205","279","0","273","192","192","0","0","341","341","173","173","0","268","0","266","284","294","0","244","0","240","266","0","260"
"EU_13_010","EU13","0","136","160","160","0","154","166","170","0","213","0","205","279","0","273","192","192","0","0","341","341","173","173","0","268","0","266","284","294","0","244","0","240","266","0","260"
"EU_13_011","EU13","132","136","154","160","0","154","166","170","0","213","0","205","279","0","273","192","192","0","0","341","341","173","173","0","268","0","266","284","294","0","244","0","240","266","0","260"
"EU_13_012","EU13","136","134","154","160","154","158","166","170","0","213","0","205","279","0","273","192","192","0","0","341","341","173","173","0","268","0","266","284","294","0","244","0","240","266","0","260"
"EU_13_013","EU13","0","136","148","160","0","154","166","170","0","213","0","205","279","0","273","192","192","0","0","341","341","173","173","0","268","0","266","284","294","0","244","0","240","266","0","260"
"EU_13_014","EU13","132","136","158","160","0","154","166","170","0","213","0","205","279","0","273","192","192","0","0","341","341","173","173","0","268","0","266","284","294","0","244","0","240","266","0","260"
"EU_13_015","EU13","0","136","156","160","0","154","166","170","0","213","0","205","279","0","273","192","192","0","0","341","341","173","173","0","268","0","266","284","294","0","244","0","240","266","0","260"
"EU_13_016","EU13","136","138","158","160","0","154","166","170","0","213","0","205","279","0","273","192","192","0","0","341","341","173","173","0","268","0","266","284","294","0","244","0","240","266","0","260"
"EU_13_017","EU13","0","136","154","160","154","158","166","170","0","213","0","205","279","0","273","192","192","0","0","341","341","173","173","0","268","0","266","284","294","0","244","0","240","266","0","260"
"EU_13_018","EU13","0","136","136","160","0","154","166","170","0","213","0","205","279","0","273","192","192","0","0","341","341","173","173","0","268","0","266","284","294","0","244","0","240","266","0","260"
"EU_13_019","EU13","136","164","166","160","0","154","166","170","0","213","0","205","279","0","273","192","192","0","0","341","341","173","173","0","268","0","266","284","294","0","244","0","240","266","0","260"
"EU_13_020","EU13","140","0","154","160","0","154","166","170","0","213","0","205","279","0","273","192","192","0","0","341","341","173","173","0","268","0","266","284","294","0","244","0","240","266","0","260"
"EU_13_021","EU13","140","136","158","160","0","154","166","170","0","213","0","205","279","0","273","192","192","0","0","341","341","173","173","0","268","0","266","284","294","0","244","0","240","266","0","260"
"EU_13_022","EU13","136","144","154","160","0","154","166","170","0","213","0","205","279","0","273","192","192","0","0","341","341","173","173","0","268","0","266","284","294","0","244","0","240","266","0","260"
"EU_13_023","EU13","0","136","150","160","0","154","166","170","0","213","0","205","279","0","273","192","192","0","0","341","341","173","173","0","268","0","266","284","294","0","244","0","240","266","0","260"
"EU_13_025","EU13","0","136","154","160","0","154","166","170","0","213","0","205","279","0","273","192","192","0","0","341","341","173","173","0","0","266","266","284","294","0","244","0","240","266","0","260"
"EU_13_026","EU13","0","138","154","160","0","154","166","170","0","213","0","205","279","0","273","192","192","0","0","341","341","173","173","0","268","0","266","284","294","0","244","0","240","266","0","260"
"EU_13_027","EU13","0","136","154","154","162","164","166","170","0","213","0","205","279","0","273","192","192","0","0","341","341","173","173","0","268","0","266","284","294","0","244","0","240","266","0","260"
"EU_13_028","EU13","0","136","154","160","160","0","166","170","0","213","0","205","279","0","273","192","192","0","0","341","341","173","173","0","268","0","266","284","294","0","244","0","240","266","0","260"
"EU_13_029","EU13","136","130","154","160","0","154","166","170","0","213","0","205","279","0","273","192","192","0","0","341","341","173","173","0","268","0","266","284","294","0","244","0","240","266","0","260"
"EU_13_030","EU13","136","142","152","160","0","154","166","170","0","213","0","205","279","0","273","192","192","0","0","341","341","173","173","0","268","0","266","284","294","0","244","0","240","266","0","260"
"EU_13_031","EU13","0","136","154","160","0","152","166","170","0","213","0","205","279","0","273","192","192","0","0","341","341","173","173","0","268","0","266","284","294","0","244","0","240","266","0","260"
"EU_13_032","EU13","0","136","154","160","0","154","166","170","0","213","0","205","279","0","273","192","192","0","0","341","341","173","173","0","268","266","264","284","294","0","244","0","240","266","0","260"
"EU_13_033","EU13","0","136","158","160","0","152","166","170","0","213","0","205","279","0","273","192","192","0","0","341","341","173","173","0","268","0","266","284","294","0","244","0","240","266","0","260"
"EU_13_034","EU13","0","136","170","160","0","154","166","170","0","213","0","205","279","0","273","192","192","0","0","341","341","173","173","0","268","0","266","284","292","294","244","0","240","266","0","260"
"EU_13_035","EU13","140","146","154","160","0","154","166","170","0","213","0","205","279","0","273","192","192","0","0","341","341","173","173","0","268","0","266","284","294","0","244","0","240","266","0","260"
"EU_13_036","EU13","0","136","154","160","154","162","166","170","0","213","0","205","279","0","273","192","192","0","0","341","341","173","173","0","268","0","266","284","294","0","244","0","240","266","0","260"
"EU_13_037","EU13","132","136","154","160","154","164","166","170","0","213","0","205","279","0","273","192","192","0","0","341","341","173","173","0","268","0","266","284","294","0","244","0","240","266","0","260"
"EU_13_038","EU13","0","136","154","160","154","164","166","170","0","213","0","205","279","0","273","192","192","0","0","341","341","173","173","0","0","266","272","284","294","0","244","0","240","266","0","260"
"EU_13_039","EU13","0","136","154","160","154","168","166","170","0","213","0","205","279","0","273","192","192","0","0","341","341","173","173","0","268","0","266","284","294","0","244","0","240","266","0","260"
"EU_13_040","EU13","0","136","154","160","0","154","0","168","160","213","0","205","279","0","273","192","192","0","0","341","341","173","173","0","268","0","266","284","294","0","244","0","240","266","0","260"
"EU_13_041","EU13","0","136","154","160","154","164","166","170","0","213","0","205","279","0","273","192","192","0","0","341","341","173","173","0","268","266","260","284","294","0","244","0","240","266","0","260"
"EU_13_042","EU13","0","136","158","160","154","164","166","170","0","213","0","205","279","0","273","192","192","0","0","341","341","173","173","0","268","0","266","284","292","294","244","0","240","266","0","260"
"EU_13_043","EU13","0","136","156","160","154","164","166","170","0","213","0","205","279","0","273","192","192","0","0","341","341","173","173","0","268","0","266","284","294","0","244","0","240","266","0","260"
"EU_13_046","EU13","140","134","154","160","160","0","166","170","0","213","0","205","279","0","273","192","192","0","0","341","341","173","173","0","268","0","266","284","294","0","244","0","240","266","0","260"
"EU_13_047","EU13","132","136","156","160","154","158","166","170","0","213","0","205","279","0","273","192","192","0","0","341","341","173","173","0","268","0","266","284","294","0","244","0","240","266","0","260"
"EU_13_048","EU13","138","134","154","160","0","154","166","170","0","213","0","205","279","0","273","192","192","0","0","341","341","173","173","0","268","0","266","284","294","0","244","0","240","266","0","260"
"EU_13_049","EU13","0","136","136","160","0","154","166","170","0","0","205","205","279","0","273","192","192","0","0","341","341","173","173","0","268","0","266","284","294","0","244","0","240","266","0","260"
"EU_13_050","EU13","136","138","154","160","0","154","166","170","0","213","0","205","279","0","273","192","192","0","0","341","341","173","173","0","268","0","266","284","294","0","244","0","240","266","0","260"
"EU_13_051","EU13","140","136","156","160","0","154","166","170","0","213","0","205","279","0","273","192","192","0","0","341","341","173","173","0","268","0","266","284","294","0","244","0","240","266","0","260"
"EU_13_052","EU13","140","136","156","160","154","164","166","170","0","213","0","205","279","0","273","192","192","0","0","341","341","173","173","0","268","0","266","284","294","0","244","0","240","266","0","260"
"EU_13_053","EU13","136","142","150","160","0","154","166","170","0","213","0","205","279","0","273","192","192","0","0","341","341","173","173","0","268","0","266","284","294","0","244","0","240","266","0","260"
"EU_13_054","EU13","136","142","150","160","160","0","166","170","0","213","0","205","279","0","273","192","192","0","0","341","341","173","173","0","268","0","266","284","294","0","244","0","240","266","0","260"
"EU_13_055","EU13","140","144","154","160","0","154","166","170","0","213","0","205","279","0","273","192","192","0","0","341","341","173","173","0","268","0","266","284","294","0","244","0","240","266","0","260"
"EU_13_056","EU13","140","138","154","160","0","154","166","170","0","213","0","205","279","0","273","192","192","0","0","341","341","173","173","0","268","0","266","284","294","0","244","0","240","266","0","260"
"EU_13_057","EU13","0","136","150","160","0","154","166","170","0","213","0","205","279","0","273","192","0","189","0","341","341","173","173","0","268","0","266","284","294","0","244","0","240","266","0","260"
"EU_13_058","EU13","136","142","154","160","0","154","166","170","0","213","0","205","279","0","273","192","192","0","0","341","341","173","173","0","268","0","266","284","294","0","244","0","240","266","0","260"
"EU_13_059","EU13","136","142","154","160","0","154","166","170","0","213","0","205","279","0","273","192","192","0","0","341","341","173","173","0","268","0","266","284","294","296","244","0","240","266","0","260"
"EU_13_060","EU13","140","136","150","160","0","154","166","170","0","213","0","205","279","0","273","192","192","0","0","341","341","173","173","0","268","0","266","284","294","0","244","0","240","266","0","260"
"EU_13_061","EU13","140","136","152","160","0","154","166","170","0","213","0","205","279","0","273","192","192","0","0","341","341","173","173","0","268","0","266","284","294","0","244","0","240","266","0","260"
"EU_13_062","EU13","0","136","154","154","158","164","166","170","0","213","0","205","279","0","273","192","192","0","0","341","341","173","173","0","268","0","266","284","294","0","244","0","240","266","0","260"
"EU_13_063","EU13","0","136","154","160","0","158","166","170","0","213","0","205","279","0","273","192","192","0","0","341","341","173","173","0","268","0","266","284","294","0","244","0","240","266","0","260"
"EU_13_064","EU13","0","136","154","156","160","0","166","170","0","213","0","205","279","0","273","192","192","0","0","341","341","173","173","0","268","0","266","284","294","0","244","0","240","266","0","260"
"EU_13_065","EU13","0","136","154","154","166","164","166","170","0","213","0","205","279","0","273","192","192","0","0","341","341","173","173","0","268","0","266","284","294","0","244","0","240","266","0","260"
"EU_13_066","EU13","136","134","158","160","0","154","166","170","0","213","0","205","279","0","273","192","192","0","0","341","341","173","173","0","268","0","266","284","294","0","244","0","240","266","0","260"
"EU_13_067","EU13","0","136","136","160","0","158","166","170","0","213","0","205","279","0","273","192","192","0","0","341","341","173","173","0","268","0","266","284","294","0","244","0","240","266","0","260"
"EU_13_069","EU13","136","144","158","160","0","154","166","170","0","213","0","205","279","0","273","192","192","0","0","341","341","173","173","0","268","0","266","284","294","0","244","0","240","266","0","260"
"EU_13_070","EU13","136","154","150","160","0","154","166","170","0","213","0","205","279","0","273","192","192","0","0","341","341","173","173","0","268","0","266","284","294","0","244","0","240","266","0","260"
"EU_13_072","EU13","0","136","154","0","154","164","166","170","0","213","0","205","279","0","273","192","192","0","0","341","341","173","173","0","268","0","266","284","294","0","244","0","240","266","0","260"
"EU_13_074","EU13","0","136","158","160","0","154","166","170","0","0","205","205","279","0","273","192","192","0","0","341","341","173","173","0","268","0","266","284","294","0","244","0","240","266","0","260"
"EU_13_076","EU13","0","136","152","160","0","154","166","170","0","213","0","205","279","0","273","192","192","0","0","341","341","173","173","0","0","266","266","284","294","0","244","0","240","266","0","260"
"EU_13_077","EU13","0","136","162","160","0","154","166","170","0","213","0","205","279","0","273","192","192","0","0","341","341","173","173","0","268","0","266","284","294","0","244","0","240","266","0","260"
"EU_13_078","EU13","136","154","124","160","0","154","166","170","0","213","0","205","279","0","273","192","192","0","0","341","341","173","173","0","268","0","266","284","294","0","244","0","240","266","0","260"
"EU_13_079","EU13","136","154","126","160","0","154","166","170","0","213","0","205","279","0","273","192","192","0","0","341","341","173","173","0","268","0","266","284","294","0","244","0","240","266","0","260"
"EU_13_080","EU13","0","136","154","160","154","166","166","170","0","213","0","205","279","0","273","192","192","0","0","341","341","173","173","0","268","0","266","284","294","0","244","0","240","266","0","260"
"EU_13_082","EU13","0","136","158","156","160","0","166","170","0","213","0","205","279","0","273","192","192","0","0","341","341","173","173","0","268","0","266","284","294","0","244","0","240","266","0","260"
"EU_13_085","EU13","136","128","154","160","0","154","166","170","0","213","0","205","279","0","273","192","192","0","0","341","341","173","173","0","268","0","266","284","294","0","244","0","240","266","0","260"
"EU_13_086","EU13","140","136","154","160","0","152","166","170","0","213","0","205","279","0","273","192","192","0","0","341","341","173","173","0","268","0","266","284","294","0","244","0","240","266","0","260"
"EU_13_087","EU13","0","136","154","156","160","154","166","170","0","213","0","205","279","0","273","192","192","0","0","341","341","173","173","0","0","266","272","284","294","0","244","0","240","266","0","260"
"EU_13_093","EU13","0","136","124","160","154","164","166","170","0","213","0","205","279","0","273","192","192","0","0","341","341","173","173","0","268","0","266","284","294","0","244","0","240","266","0","260"
"EU_13_094","EU13","0","136","158","160","160","0","166","170","0","213","0","205","279","0","273","192","192","0","0","341","341","173","173","0","268","0","266","284","294","0","244","0","240","266","0","260"
"EU_13_095","EU13","140","136","154","160","0","158","166","170","0","213","0","205","279","0","273","192","192","0","0","341","341","173","173","0","268","0","266","284","294","0","244","0","240","266","0","260"
"EU_13_096","EU13","140","136","152","160","0","158","166","170","0","213","0","205","279","0","273","192","192","0","0","341","341","173","173","0","268","0","266","284","294","0","244","0","240","266","0","260"
"EU_13_098","EU13","136","134","158","160","154","162","166","170","0","213","0","205","279","0","273","192","192","0","0","341","341","173","173","0","268","0","266","284","294","296","244","0","240","266","0","260"
"EU_13_100","EU13","0","136","160","160","154","164","166","170","0","213","0","205","279","0","273","192","192","0","0","341","341","173","173","0","268","0","266","284","294","0","244","0","240","266","0","260"
"EU_13_102","EU13","140","134","162","160","158","164","166","170","0","213","0","205","279","0","273","192","192","0","0","341","341","173","173","0","268","0","266","284","294","0","244","0","240","266","0","260"
"EU_13_103","EU13","0","136","154","160","158","164","166","170","0","213","0","205","279","0","273","192","192","0","0","341","341","173","173","0","268","0","266","284","294","0","244","0","240","266","0","260"
"EU_13_106","EU13","132","136","156","160","0","152","166","170","0","213","0","205","279","0","273","192","192","0","0","341","341","173","173","0","268","0","266","284","294","296","244","0","240","266","0","260"
"EU_13_107","EU13","0","136","154","0","152","164","166","170","0","213","0","205","279","0","273","192","192","0","0","341","341","173","173","0","268","0","266","284","294","0","244","0","240","266","0","260"
"EU_13_108","EU13","140","136","158","156","160","154","166","170","0","213","0","205","279","0","273","192","192","0","0","341","341","173","173","0","268","0","266","284","294","298","244","0","240","266","0","260"
"EU_13_109","EU13","136","138","154","156","160","154","166","170","0","213","0","205","279","0","273","192","192","0","0","341","341","173","173","0","268","0","266","284","294","0","244","0","240","266","0","260"
"EU_13_110","EU13","136","138","158","160","154","158","166","170","0","213","0","205","279","0","273","192","192","0","0","341","341","173","173","0","268","0","266","284","294","296","244","0","240","266","0","260"
"EU_13_111","EU13","140","136","154","160","154","158","166","170","0","213","0","205","279","0","273","192","192","0","0","341","341","173","173","0","268","0","266","284","294","296","244","0","240","266","0","260"
"EU_13_112","EU13","136","142","154","160","154","158","166","170","0","213","0","205","279","0","273","192","192","0","0","341","341","173","173","0","268","0","266","284","294","0","244","0","240","266","0","260"
"EU_13_113","EU13","138","154","124","160","0","154","166","170","0","213","0","205","279","0","273","192","192","0","0","341","341","173","173","0","268","0","266","284","294","0","244","0","240","266","0","260"
"EU_13_114","EU13","134","130","154","160","0","154","166","170","0","213","0","205","279","0","273","192","192","0","0","341","341","173","173","0","268","0","266","284","294","0","244","0","240","266","0","260"
"EU_13_115","EU13","136","134","152","160","0","154","166","170","0","213","0","205","279","0","273","192","192","0","0","341","341","173","173","0","268","0","266","284","294","296","244","0","240","266","0","260"
"EU_13_116","EU13","136","134","156","160","0","154","166","170","0","213","0","205","279","0","273","192","192","0","0","341","341","173","173","0","268","0","266","284","294","0","244","0","240","266","0","260"
"EU_13_117","EU13","140","134","154","160","0","154","166","170","0","213","0","205","279","0","273","192","192","0","0","341","341","173","173","0","268","0","266","294","294","0","244","0","240","266","0","260"
"EU_13_118","EU13","136","138","156","160","0","154","166","170","0","213","0","205","279","0","273","192","192","0","0","341","341","173","173","0","268","0","266","284","294","0","244","0","240","266","0","260"
"EU_13_119","EU13","140","132","152","160","0","154","166","170","0","213","0","205","279","0","273","192","192","0","0","341","341","173","173","0","268","0","266","284","292","298","244","0","240","266","0","260"
"EU_13_121","EU13","140","136","154","160","0","154","166","170","0","213","0","205","279","0","273","192","192","0","0","341","341","173","173","0","268","266","264","284","294","0","244","0","240","266","0","260"
"EU_13_122","EU13","140","136","154","160","0","154","166","170","0","213","0","205","279","0","273","192","192","0","0","341","341","173","173","0","268","0","266","284","294","296","244","0","240","266","0","260"
"EU_13_123","EU13","140","136","154","160","0","154","166","170","0","213","0","205","279","0","273","192","192","0","0","341","341","173","173","0","268","0","266","284","294","296","244","0","240","0","260","260"
"EU_13_124","EU13","140","136","154","160","0","154","166","170","0","213","0","205","279","0","273","192","192","0","0","341","341","173","173","0","268","0","266","284","294","298","244","0","240","266","0","260"
"EU_13_126","EU13","140","136","154","160","0","154","166","170","0","213","0","205","279","0","273","192","192","0","0","341","341","173","173","0","268","0","266","284","294","302","244","0","240","266","0","260"
"EU_13_127","EU13","140","136","154","160","0","154","166","170","0","213","0","205","279","0","273","192","192","0","0","341","341","173","173","0","268","0","266","284","0","296","244","0","240","266","0","260"
"EU_13_128","EU13","140","136","168","160","0","154","166","170","0","213","0","205","279","0","273","192","192","0","0","341","341","173","173","0","268","0","266","284","292","294","244","0","240","266","0","260"
"EU_13_129","EU13","136","144","150","160","0","154","166","170","0","213","0","205","279","0","273","192","192","0","0","341","341","173","173","0","268","0","266","284","294","0","244","0","240","266","0","260"
"EU_13_130","EU13","136","144","154","160","0","154","166","170","0","213","0","205","279","0","273","192","192","0","0","341","341","173","173","0","268","0","266","284","294","296","244","0","240","266","0","260"
"EU_13_131","EU13","136","144","154","160","0","154","166","170","0","213","0","205","279","0","273","192","192","0","0","341","341","173","173","0","268","0","266","284","294","300","244","0","240","266","0","260"
"EU_13_132","EU13","0","136","152","160","0","154","166","170","0","213","0","205","279","0","273","192","192","0","0","341","341","173","173","0","268","0","266","284","292","294","244","0","240","266","0","260"
"EU_13_133","EU13","0","136","152","160","0","154","166","170","0","213","0","205","279","0","273","192","192","0","0","341","341","173","173","0","268","0","266","284","294","296","244","0","240","266","0","260"
"EU_13_134","EU13","0","136","154","160","0","154","166","170","0","213","0","205","279","0","273","192","192","0","0","341","341","173","173","0","268","0","266","284","292","294","244","0","240","266","0","260"
"EU_13_135","EU13","0","136","154","160","0","154","166","170","0","213","0","205","279","0","273","192","192","0","0","341","341","173","173","0","268","0","266","284","292","296","244","0","240","266","0","260"
"EU_13_136","EU13","0","136","154","160","0","154","166","170","0","213","205","209","279","0","273","192","192","0","0","341","341","173","173","0","268","0","266","284","294","0","244","0","240","266","0","260"
"EU_13_138","EU13","0","136","154","160","0","154","166","170","0","213","0","205","279","0","273","192","192","0","0","341","341","173","173","0","268","0","266","284","294","296","244","0","240","266","0","260"
"EU_13_139","EU13","0","136","154","160","0","154","166","170","0","217","0","205","279","0","273","192","192","0","0","341","341","173","173","0","268","0","266","284","294","296","244","0","240","266","0","260"
"EU_13_140","EU13","0","136","154","160","0","154","166","170","0","213","0","205","279","0","273","192","192","0","0","341","341","173","173","0","268","0","266","284","294","298","244","0","240","266","0","260"
"EU_13_141","EU13","0","136","154","160","0","154","166","170","0","213","0","205","279","0","273","192","192","0","0","341","341","173","173","0","268","0","266","284","294","302","244","0","240","266","0","260"
"EU_13_142","EU13","0","136","154","160","0","154","166","170","0","213","0","205","279","0","273","192","192","0","0","341","341","173","173","0","268","0","266","284","0","296","244","0","240","266","0","260"
"EU_13_145","EU13","0","136","158","160","0","154","166","170","0","0","205","205","279","0","273","192","192","0","0","341","341","173","173","0","268","0","266","284","294","0","244","0","240","266","0","260"
"EU_13_146","EU13","0","136","158","160","0","154","166","170","0","213","0","205","279","0","273","192","192","0","0","341","341","173","173","0","268","0","266","284","292","294","244","0","240","266","0","260"
"EU_13_147","EU13","0","136","158","160","0","154","166","170","0","213","0","205","279","0","273","192","192","0","0","341","341","173","173","0","268","0","266","284","294","296","244","0","240","266","0","260"
"EU_13_148","EU13","0","136","158","160","0","154","166","170","0","213","0","205","279","0","273","192","192","0","0","341","341","173","173","0","268","0","266","284","0","296","244","0","240","266","0","260"
"EU_13_149","EU13","0","136","160","160","0","154","166","170","0","213","0","205","279","0","273","192","192","0","0","341","341","173","173","0","268","0","266","284","294","296","244","0","240","266","0","260"
"EU_13_150","EU13","0","136","166","160","0","154","166","170","0","213","0","205","279","0","273","192","192","0","0","341","341","173","173","0","268","0","266","284","292","294","244","0","240","266","0","260"
"EU_13_151","EU13","0","136","168","160","0","154","166","170","0","213","0","205","279","0","273","192","192","0","0","341","341","173","173","0","268","0","266","284","292","294","244","0","240","266","0","260"
"EU_13_152","EU13","0","136","172","160","0","154","166","170","0","213","0","205","279","0","273","192","192","0","0","341","341","173","173","0","268","0","266","284","292","294","244","0","240","266","0","260"
"EU_13_153","EU13","138","144","150","160","0","154","166","170","0","213","0","205","279","0","273","192","192","0","0","341","341","173","173","0","268","0","266","284","294","0","244","0","240","266","0","260"
"EU_13_154","EU13","140","140","0","160","0","154","166","170","0","213","0","205","279","0","273","192","192","0","0","341","341","173","173","0","268","0","266","284","294","0","244","0","240","266","0","260"
"EU_13_155","EU13","140","142","154","160","0","154","166","170","0","213","0","205","279","0","273","192","192","0","0","341","341","173","173","0","268","0","266","284","294","296","244","0","240","266","0","260"
"EU_13_156","EU13","132","136","154","160","154","162","166","170","0","213","0","205","279","0","273","192","192","0","0","341","341","173","173","0","268","0","266","284","294","0","244","0","240","266","0","260"
"EU_13_157","EU13","140","136","152","160","154","162","166","170","0","213","0","205","279","0","273","192","192","0","0","341","341","173","173","0","268","0","266","284","292","294","244","0","240","266","0","260"
"EU_13_158","EU13","0","136","150","160","154","162","166","170","0","213","0","205","279","0","273","192","192","0","0","341","341","173","173","0","268","0","266","284","292","294","244","0","240","266","0","260"
"EU_13_159","EU13","136","134","154","160","154","164","166","170","0","213","0","205","279","0","273","192","192","0","0","341","341","173","173","0","268","0","266","284","294","0","244","0","240","266","0","260"
"EU_13_160","EU13","136","134","158","160","154","164","166","170","0","213","0","205","279","0","273","192","192","0","0","341","341","173","173","0","268","0","266","284","294","0","244","0","240","266","0","260"
"EU_13_161","EU13","136","134","158","160","154","164","166","170","0","213","0","205","279","0","273","192","192","0","0","341","341","173","173","0","268","0","266","284","292","294","244","0","240","266","0","260"
"EU_13_162","EU13","0","136","136","160","154","164","166","170","0","213","0","205","279","0","273","192","192","0","0","341","341","173","173","0","268","0","266","284","294","0","244","0","240","266","0","260"
"EU_13_163","EU13","136","138","158","160","154","164","166","170","0","213","0","205","279","0","273","192","192","0","0","341","341","173","173","0","268","0","266","284","292","294","244","0","240","266","0","260"
"EU_13_165","EU13","140","136","158","160","154","164","166","170","0","213","0","205","279","0","273","192","192","0","0","341","341","173","173","0","268","0","266","284","292","294","244","0","240","266","0","260"
"EU_13_166","EU13","0","136","152","160","154","164","166","170","0","213","0","205","279","0","273","192","192","0","0","341","341","173","173","0","268","0","266","284","294","0","244","0","240","266","0","260"
"EU_13_168","EU13","0","136","154","160","154","164","166","170","0","0","205","205","279","0","273","192","192","0","0","341","341","173","173","0","0","266","266","284","292","294","244","0","240","266","0","260"
"EU_13_169","EU13","0","136","154","160","154","164","166","170","0","213","0","205","279","0","273","192","192","0","0","341","341","173","173","0","268","0","266","284","0","296","244","0","240","266","0","260"
"EU_13_170","EU13","0","136","154","160","154","164","166","170","0","213","0","205","279","0","273","192","192","0","0","341","341","173","173","0","268","0","266","284","294","302","244","0","240","266","0","260"
"EU_13_171","EU13","0","136","158","160","154","164","166","170","0","213","0","205","279","0","273","192","192","0","0","341","341","173","173","0","268","0","266","284","292","296","244","0","240","266","0","260"
"EU_13_172","EU13","0","136","158","160","154","164","166","170","0","213","0","205","279","0","273","192","192","0","0","341","341","173","173","0","268","0","266","284","294","0","244","0","240","266","0","260"
"EU_13_173","EU13","0","136","154","0","154","164","166","170","0","213","0","205","279","0","273","192","192","0","0","341","341","173","173","0","268","0","266","284","294","296","244","0","240","266","0","260"
"EU_13_174","EU13","136","134","152","160","0","158","166","170","0","213","0","205","279","0","273","192","192","0","0","341","341","173","173","0","268","0","266","284","294","0","244","0","240","266","0","260"
"EU_13_175","EU13","0","136","158","160","160","0","166","170","0","213","0","205","279","0","273","192","192","0","0","341","341","173","173","0","0","266","266","284","294","0","244","0","240","266","0","260"
"EU_13_176","EU13","140","136","154","160","0","164","166","170","0","213","0","205","279","0","273","192","192","0","0","341","328","173","173","0","268","0","266","284","294","0","244","0","240","266","0","260"
"EU_13_177","EU13","140","136","154","160","154","164","166","170","0","213","0","205","279","0","273","192","192","0","0","341","341","173","173","0","268","0","266","294","0","296","244","0","240","266","0","260"
"EU_13_180","EU13","136","138","154","160","154","164","166","170","0","213","0","205","279","0","273","192","192","0","0","341","341","173","173","0","0","270","266","284","294","0","244","0","240","266","0","260"
"EU_13_181","EU13","140","136","154","160","154","162","166","170","0","213","0","205","279","0","273","192","192","0","0","341","341","173","173","0","268","0","266","284","294","0","244","0","240","266","0","260"
"EU_13_182","EU13","136","138","154","160","154","164","166","170","0","213","0","205","279","0","273","192","192","0","0","341","341","173","173","0","268","0","266","284","294","0","244","0","240","266","0","260"
"PI-13-034","EU13","0","136","160","160","0","154","166","170","0","213","0","205","279","0","273","192","192","0","0","341","341","173","173","0","268","0","266","285","297","295","244","0","240","266","0","260"
